{
  "selected_config": {
    "learning_rate": 0.04,
    "max_iter": 260,
    "max_depth": 8,
    "min_samples_leaf": 25,
    "l2_regularization": 0.0
  },
  "dataset_summary": {
    "train_examples": 146767,
    "val_examples": 21354,
    "refit_examples": 168121
  },
  "feature_spec": {
    "half_width": 2,
    "half_height": 40,
    "trace_stride": 3,
    "max_abs_correction": 60
  },
  "candidate_results": [
    {
      "candidate_index": 0,
      "config": {
        "learning_rate": 0.05,
        "max_iter": 200,
        "max_depth": 6,
        "min_samples_leaf": 30,
        "l2_regularization": 0.1
      },
      "validation_metrics": {
        "target_mae_samples": 5.534607099372483,
        "target_rmse_samples": 11.247099050493254,
        "baseline_mae_ms": 18.768754959106445,
        "baseline_rmse_ms": 33.42696762084961,
        "baseline_acc_2ms": 26.95513721082701,
        "baseline_acc_4ms": 40.27816802472605,
        "baseline_acc_8ms": 56.392245012644004,
        "corrected_mae_ms": 11.0692138671875,
        "corrected_rmse_ms": 22.494197845458984,
        "corrected_acc_2ms": 42.80228528612906,
        "corrected_acc_4ms": 57.39908213917767,
        "corrected_acc_8ms": 71.65870562892198,
        "mae_improvement_ms": 7.699541091918945
      }
    },
    {
      "candidate_index": 1,
      "config": {
        "learning_rate": 0.03,
        "max_iter": 300,
        "max_depth": 6,
        "min_samples_leaf": 20,
        "l2_regularization": 0.05
      },
      "validation_metrics": {
        "target_mae_samples": 5.5402266554275545,
        "target_rmse_samples": 11.306951316570796,
        "baseline_mae_ms": 18.768754959106445,
        "baseline_rmse_ms": 33.42696762084961,
        "baseline_acc_2ms": 26.95513721082701,
        "baseline_acc_4ms": 40.27816802472605,
        "baseline_acc_8ms": 56.392245012644004,
        "corrected_mae_ms": 11.080452919006348,
        "corrected_rmse_ms": 22.613903045654297,
        "corrected_acc_2ms": 43.79507352252505,
        "corrected_acc_4ms": 58.373138522056756,
        "corrected_acc_8ms": 71.9443663950548,
        "mae_improvement_ms": 7.688302040100098
      }
    },
    {
      "candidate_index": 2,
      "config": {
        "learning_rate": 0.08,
        "max_iter": 160,
        "max_depth": 5,
        "min_samples_leaf": 40,
        "l2_regularization": 0.2
      },
      "validation_metrics": {
        "target_mae_samples": 5.703708906996347,
        "target_rmse_samples": 11.33848961812233,
        "baseline_mae_ms": 18.768754959106445,
        "baseline_rmse_ms": 33.42696762084961,
        "baseline_acc_2ms": 26.95513721082701,
        "baseline_acc_4ms": 40.27816802472605,
        "baseline_acc_8ms": 56.392245012644004,
        "corrected_mae_ms": 11.407418251037598,
        "corrected_rmse_ms": 22.676979064941406,
        "corrected_acc_2ms": 39.2760138615716,
        "corrected_acc_4ms": 54.87496487777466,
        "corrected_acc_8ms": 70.42240329680622,
        "mae_improvement_ms": 7.361336708068848
      }
    },
    {
      "candidate_index": 3,
      "config": {
        "learning_rate": 0.04,
        "max_iter": 260,
        "max_depth": 8,
        "min_samples_leaf": 25,
        "l2_regularization": 0.0
      },
      "validation_metrics": {
        "target_mae_samples": 5.3212981174487215,
        "target_rmse_samples": 11.039451336485023,
        "baseline_mae_ms": 18.768754959106445,
        "baseline_rmse_ms": 33.42696762084961,
        "baseline_acc_2ms": 26.95513721082701,
        "baseline_acc_4ms": 40.27816802472605,
        "baseline_acc_8ms": 56.392245012644004,
        "corrected_mae_ms": 10.642596244812012,
        "corrected_rmse_ms": 22.078903198242188,
        "corrected_acc_2ms": 44.73166619837033,
        "corrected_acc_4ms": 59.408073428865784,
        "corrected_acc_8ms": 73.24623021447972,
        "mae_improvement_ms": 8.126158714294434
      }
    }
  ]
}